scheme,model,subset,n,r,r2,rmse,mae,mb,nmb,slope,mean_obs
cluster,cams_raw,all,33097,0.7054315203221526,0.0618642459615442,10.204398985188387,7.804268349199016,-6.561420308393297,-0.3211692046084367,0.652023355505275,20.42979281401794
cluster,cams_raw,ghana,18395,0.707443746609052,-0.4140637169719707,8.892213845787778,7.277168614480545,-6.617052153156787,-0.3622173015891603,0.757026775562755,18.268183557565344
cluster,cams_raw,ghana_reference,155,0.8718707228003637,0.1052922171746849,10.302433600048351,8.600983160477462,-8.429852233996606,-0.3922723400332608,0.5541199756661259,21.4897951593575
cluster,cams_raw,reference_all,791,0.7695630017038074,0.5351436824334133,17.78148523487426,12.255329532375534,-5.163656644108539,-0.1652023449281855,0.6951374118925192,31.256557807053
cluster,cams_raw,ghana_north(>8N),278,0.6366754091848444,-3.4516446190581656,17.514915235077225,16.023586914389938,-12.403241362644366,-0.4289118156183672,1.2168572402696112,28.917928839900267
cluster,cams_raw,ghana_south(<=8N),18117,0.7139989944078232,-0.4008422573503258,8.693530117688267,7.142957415751462,-6.528264793205495,-0.36058265872186,0.7578512837047343,18.1047663699245
cluster,cams_raw,harmattan(DJF),7078,0.714814620261073,0.1187681158073232,13.449551507212606,10.311951253972731,-7.601250937681191,-0.257411986574855,0.7488049262724843,29.529514296610884
cluster,cams_raw,non_harmattan,26019,0.5439263274403804,-0.4682827691841866,9.124056111772584,7.122098411845991,-6.278553126945135,-0.3496948359622683,0.4385984074213592,17.954377592303313
cluster,cams_linear,all,33097,0.6820793795472946,0.1134308306378497,9.919982343411574,4.721695599858123,-0.1845094080285543,-0.0090313890947515,0.8696166256827078,20.42979281401794
cluster,cams_linear,ghana,18395,0.6610669182438851,0.3172316060422495,6.178913469775187,3.3807266558141267,-0.1095941347919327,-0.005999180731165,0.6655924830973041,18.268183557565344
cluster,cams_linear,ghana_reference,155,0.8735296640772005,0.5768408762120733,7.085182987435912,4.719709379844273,-2.410699559492051,-0.1121788058757897,0.4394641863575276,21.4897951593575
cluster,cams_linear,reference_all,791,0.5882539117294501,-0.5357987835937108,32.32033282388813,17.986993431646184,6.966630904039191,0.2228854164634591,0.8756299289913283,31.256557807053
cluster,cams_linear,ghana_north(>8N),278,0.7241934387427302,-16.460433151777252,34.68768391811336,17.500230929692727,12.86194550698313,0.4447740907791613,3.290107235688935,28.917928839900267
cluster,cams_linear,ghana_south(<=8N),18117,0.7957291482260686,0.6237074830570223,4.505721423230581,3.164067043950228,-0.3086385693237794,-0.0170473654847315,0.5633065638919434,18.1047663699245
cluster,cams_linear,harmattan(DJF),7078,0.6470657754654178,-0.5804436366416945,18.011596428105463,8.295840304014312,-0.645964392841464,-0.0218752122487704,1.0648225762912515,29.529514296610884
cluster,cams_linear,non_harmattan,26019,0.6622907515172097,0.3487634337053965,6.076485770574911,3.7494139512160727,-0.0589788963829961,-0.0032849312698135,0.6371000795235892,17.954377592303313
cluster,paperlike_gbdt,all,33097,0.8039382057682537,0.635232179144089,6.3630135230874245,3.9660976404503208,-0.61847485951099,-0.0302731831468512,0.7165787387526795,20.42979281401794
cluster,paperlike_gbdt,ghana,18395,0.809476787695012,0.4798452960468288,5.393139748907961,3.194532853839249,0.5814460637718054,0.0318283458199111,0.9883810131868576,18.268183557565344
cluster,paperlike_gbdt,ghana_reference,155,0.8710354920507247,0.7389788572934072,5.564639828589481,4.1411615017488295,-1.432849197709395,-0.0666757959805622,0.8015320829962294,21.4897951593575
cluster,paperlike_gbdt,reference_all,791,0.7956724967851597,0.5945625016518779,16.606213663261027,9.82363220236771,-3.026995529873436,-0.0968435343571453,0.507134407495289,31.256557807053
cluster,paperlike_gbdt,ghana_north(>8N),278,0.8033240575292275,-0.0196835325211128,8.382633899514113,6.618931034518671,5.456190021749347,0.1886784510729214,1.0331058363815766,28.917928839900267
cluster,paperlike_gbdt,ghana_south(<=8N),18117,0.802645844149978,0.472599465820359,5.334231118949141,3.141986477826175,0.5066445612980097,0.027984043038503,0.9721318501845152,18.1047663699245
cluster,paperlike_gbdt,harmattan(DJF),7078,0.7658908721303153,0.5480618869288114,9.631683107485468,5.694421704200174,0.007935022640796,0.0002687149731313,0.7369194412845327,29.529514296610884
cluster,paperlike_gbdt,non_harmattan,26019,0.7412552841130039,0.5367415438809011,5.125010672284372,3.4959382291270007,-0.7888783779348474,-0.0439379406988201,0.5185249357408439,17.954377592303313
cluster,lgbm,all,33097,0.8571971537947615,0.7299706153558709,5.474697155426237,3.3853852581826382,-0.7195001242210458,-0.0352181801729951,0.7453694132952615,20.42979281401794
cluster,lgbm,ghana,18395,0.838051097733494,0.6490330145376874,4.430049119138511,2.666074648912205,-0.374073438108685,-0.0204767724678226,0.8912059692397993,18.268183557565344
cluster,lgbm,ghana_reference,155,0.8770010130965407,0.707161144473321,5.894046624618114,4.223380664777182,-2.532284623368207,-0.1178366105674837,0.6911033794053011,21.4897951593575
cluster,lgbm,reference_all,791,0.7957676415519634,0.6327068654038113,15.805748602967656,10.032338281923398,0.1878369660720833,0.0060095218172008,0.6156778582047145,31.256557807053
cluster,lgbm,ghana_north(>8N),278,0.8820466465804815,0.4368296611414289,6.2297078897226905,4.393098829894203,3.544412977056426,0.1225680095099317,1.129581217349751,28.917928839900267
cluster,lgbm,ghana_south(<=8N),18117,0.8316574497598725,0.641697028516715,4.396699164923399,2.639573974279926,-0.4342014517652451,-0.0239827149875039,0.8709194738636973,18.1047663699245
cluster,lgbm,harmattan(DJF),7078,0.8335307343021311,0.677925143521557,8.130946665882648,4.822810215972386,-1.0362560325782544,-0.0350922139175579,0.7846134528693249,29.529514296610884
cluster,lgbm,non_harmattan,26019,0.81098480481427,0.6447643797234535,4.487881177058773,2.994359705654261,-0.6333323883606238,-0.0352745387638567,0.5956284579850623,17.954377592303313
cluster,xgb_ratio,all,33097,0.806765148629187,0.5755079281738047,6.86419130167789,3.71797571169257,-0.3656574595621524,-0.0178982461002372,0.8705672581969721,20.42979281401794
cluster,xgb_ratio,ghana,18395,0.8116271690902953,0.5710337179243267,4.8976414436793165,2.914682238660826,-0.7312222943667689,-0.0400270936660229,0.8856214251919317,18.268183557565344
cluster,xgb_ratio,ghana_reference,155,0.8760664009930605,0.6304269212072056,6.621393231190809,4.622746365154558,-3.459079392216072,-0.1609638140598959,0.6007988242595119,21.4897951593575
cluster,xgb_ratio,reference_all,791,0.7216999035993944,0.2188955352404029,23.049591068735943,13.566441321733922,5.37342763755923,0.171913608361146,0.8884960827158801,31.256557807053
cluster,xgb_ratio,ghana_north(>8N),278,0.7978758155391267,-0.7761834071504288,11.06347861707777,6.883181015936669,5.306235387786551,0.1834929263836189,1.4361589661339151,28.917928839900267
cluster,xgb_ratio,ghana_south(<=8N),18117,0.8095146501610831,0.5833890536009084,4.740966476142366,2.853786800117873,-0.8238652946228061,-0.0455054364021733,0.8525169287992813,18.1047663699245
cluster,xgb_ratio,harmattan(DJF),7078,0.7712066740412178,0.3369965889792203,11.66596268036948,5.763722967384657,0.0692546399853831,0.0023452685096595,0.9862865439843768,29.529514296610884
cluster,xgb_ratio,non_harmattan,26019,0.7785470285965235,0.5958858956583315,4.786687777369846,3.161467042036219,-0.483967457663442,-0.0269554015545996,0.6670339602090345,17.954377592303313
cluster,catboost,all,33097,0.8561087712646415,0.7277279889278583,5.497384156525994,3.389683592713045,-0.7262097741491621,-0.0355466049391784,0.7149050255160782,20.42979281401794
cluster,catboost,ghana,18395,0.8406889531320864,0.6740164643143081,4.26946287786854,2.7111425736565598,-0.5105821446199813,-0.0279492563128169,0.847631308690003,18.268183557565344
cluster,catboost,ghana_reference,155,0.8787346111259566,0.7521877668474791,5.422013408330299,3.803262420664413,-1.3832220236965431,-0.0643664592165381,0.7175898164429728,21.4897951593575
cluster,catboost,reference_all,791,0.7598743089273917,0.5765881324480575,16.97032571567076,10.75716561189997,0.2089554007596349,0.0066851699425611,0.556507039964731,31.256557807053
cluster,catboost,ghana_north(>8N),278,0.8595547806331295,0.7207292455857518,4.386928191444001,3.14052109933312,0.6035530228873861,0.0208712396461332,0.8361543832585846,28.917928839900267
cluster,catboost,ghana_south(<=8N),18117,0.8347389606510424,0.6624240570932368,4.267635220631734,2.704553887332218,-0.5276782188357481,-0.0291458176291257,0.8394393018932861,18.1047663699245
cluster,catboost,harmattan(DJF),7078,0.8331906357364762,0.6867551042024667,8.018713611693062,4.820794339633738,-1.2277020698418015,-0.0415754237441929,0.7028954322418711,29.529514296610884
cluster,catboost,non_harmattan,26019,0.7986145869942786,0.6304833356393058,4.577202334708008,3.000375707448252,-0.5897878336859428,-0.0328492497528164,0.6105061750451803,17.954377592303313
cluster,extratrees,all,33097,0.8650942042310706,0.733479067344043,5.439014906387882,3.357442597329595,-0.897117314253638,-0.0439122081374256,0.6726832999018368,20.42979281401794
cluster,extratrees,ghana,18395,0.8554287959857878,0.7196486283736842,3.959376047644823,2.542751226989046,-0.5629516188940608,-0.0308159602798017,0.8004185062754029,18.268183557565344
cluster,extratrees,ghana_reference,155,0.8811918344159838,0.7152672343364461,5.811897412306921,4.059540530190235,-2.275807735193433,-0.1059017881891004,0.6596857017002218,21.4897951593575
cluster,extratrees,reference_all,791,0.7682193346349716,0.5838333341592041,16.824505569990716,10.412009822773417,-0.5263091321838896,-0.0168383587032455,0.5310511792921827,31.256557807053
cluster,extratrees,ghana_north(>8N),278,0.9191005269536202,0.6404397666990247,4.977756214935192,3.842765750264932,3.027020507185324,0.1046762554795664,1.0902362852685004,28.917928839900267
cluster,extratrees,ghana_south(<=8N),18117,0.8503734521641154,0.7120188340849294,3.941700194806969,2.5228028891035965,-0.6180386780677689,-0.0341367938939245,0.7771605407655688,18.1047663699245
cluster,extratrees,harmattan(DJF),7078,0.8410259201810888,0.6874735742804875,8.00951232350894,4.707800211131245,-1.698667032172566,-0.0575243810348591,0.6433067035900616,29.529514296610884
cluster,extratrees,non_harmattan,26019,0.8138025227503259,0.6440972946805168,4.492093021348347,2.990102146486439,-0.6790701601189608,-0.0378219827798466,0.5807153706154166,17.954377592303313
cluster,stack,all,33097,0.866647480290225,0.7497128684961522,5.2707673542073765,3.357434954547164,0.319075667966711,0.0156181548619414,0.7327393670238704,20.42979281401794
cluster,stack,ghana,18395,0.8529320484447268,0.6949378463681388,4.130185663046095,2.746440500762092,0.4891438479022099,0.0267757243822767,0.8709186922771708,18.268183557565344
cluster,stack,ghana_reference,155,0.8813255662180873,0.769761381257268,5.226227395383578,3.707954423774038,-0.6861896859704147,-0.0319309551757928,0.7284280490126092,21.4897951593575
cluster,stack,reference_all,791,0.77222856290155,0.5918107970156703,16.662471562001933,10.62220759538107,1.5730924951032077,0.0503283984376629,0.5733261275417743,31.256557807053
cluster,stack,ghana_north(>8N),278,0.9089047917271832,0.6023053227430746,5.235072321021345,4.122347396878202,3.5399677772121065,0.1224142917292107,1.0122823799969154,28.917928839900267
cluster,stack,ghana_south(<=8N),18117,0.8466634649725724,0.6867618074722096,4.110918819712532,2.725327616889471,0.4423298581495935,0.0244316799848016,0.8545375872208605,18.1047663699245
cluster,stack,harmattan(DJF),7078,0.8437820145682883,0.7118516984169727,7.690786112956947,4.684686063502951,0.1521387414733914,0.005152090885926,0.7103604878775852,29.529514296610884
cluster,stack,non_harmattan,26019,0.815343493539377,0.66051404010533,4.387266392148485,2.996380211890296,0.3644878500536367,0.0203007789147692,0.6289857383914754,17.954377592303313
cluster,stack_rk,all,33097,0.866647480290225,0.7497128684961522,5.2707673542073765,3.357434954547164,0.319075667966711,0.0156181548619414,0.7327393670238704,20.42979281401794
cluster,stack_rk,ghana,18395,0.8529320484447268,0.6949378463681388,4.130185663046095,2.746440500762092,0.4891438479022099,0.0267757243822767,0.8709186922771708,18.268183557565344
cluster,stack_rk,ghana_reference,155,0.8813255662180873,0.769761381257268,5.226227395383578,3.707954423774038,-0.6861896859704147,-0.0319309551757928,0.7284280490126092,21.4897951593575
cluster,stack_rk,reference_all,791,0.77222856290155,0.5918107970156703,16.662471562001933,10.62220759538107,1.5730924951032077,0.0503283984376629,0.5733261275417743,31.256557807053
cluster,stack_rk,ghana_north(>8N),278,0.9089047917271832,0.6023053227430746,5.235072321021345,4.122347396878202,3.5399677772121065,0.1224142917292107,1.0122823799969154,28.917928839900267
cluster,stack_rk,ghana_south(<=8N),18117,0.8466634649725724,0.6867618074722096,4.110918819712532,2.725327616889471,0.4423298581495935,0.0244316799848016,0.8545375872208605,18.1047663699245
cluster,stack_rk,harmattan(DJF),7078,0.8437820145682883,0.7118516984169727,7.690786112956947,4.684686063502951,0.1521387414733914,0.005152090885926,0.7103604878775852,29.529514296610884
cluster,stack_rk,non_harmattan,26019,0.815343493539377,0.66051404010533,4.387266392148485,2.996380211890296,0.3644878500536367,0.0203007789147692,0.6289857383914754,17.954377592303313
site,cams_raw,all,33097,0.7054315203221526,0.0618642459615442,10.204398985188387,7.804268349199016,-6.561420308393297,-0.3211692046084367,0.652023355505275,20.42979281401794
site,cams_raw,ghana,18395,0.707443746609052,-0.4140637169719707,8.892213845787778,7.277168614480545,-6.617052153156787,-0.3622173015891603,0.757026775562755,18.268183557565344
site,cams_raw,ghana_reference,155,0.8718707228003637,0.1052922171746849,10.302433600048351,8.600983160477462,-8.429852233996606,-0.3922723400332608,0.5541199756661259,21.4897951593575
site,cams_raw,reference_all,791,0.7695630017038074,0.5351436824334133,17.78148523487426,12.255329532375534,-5.163656644108539,-0.1652023449281855,0.6951374118925192,31.256557807053
site,cams_raw,ghana_north(>8N),278,0.6366754091848444,-3.4516446190581656,17.514915235077225,16.023586914389938,-12.403241362644366,-0.4289118156183672,1.2168572402696112,28.917928839900267
site,cams_raw,ghana_south(<=8N),18117,0.7139989944078232,-0.4008422573503258,8.693530117688267,7.142957415751462,-6.528264793205495,-0.36058265872186,0.7578512837047343,18.1047663699245
site,cams_raw,harmattan(DJF),7078,0.714814620261073,0.1187681158073232,13.449551507212606,10.311951253972731,-7.601250937681191,-0.257411986574855,0.7488049262724843,29.529514296610884
site,cams_raw,non_harmattan,26019,0.5439263274403804,-0.4682827691841866,9.124056111772584,7.122098411845991,-6.278553126945135,-0.3496948359622683,0.4385984074213592,17.954377592303313
site,cams_linear,all,33097,0.7068627079910575,0.3226000896761049,8.671159089638245,4.487861848434068,-0.4460312328749963,-0.0218323913969872,0.7955784286612184,20.42979281401794
site,cams_linear,ghana,18395,0.7005771110071135,0.4267311430912269,5.661800773862515,3.2913927513978893,-0.3032361059705417,-0.0165991383333217,0.6658582879835326,18.268183557565344
site,cams_linear,ghana_reference,155,0.8738438977003712,0.5818212833728647,7.04336474666643,4.674370230786677,-2.5214082950465926,-0.1173304946068168,0.4507336519992346,21.4897951593575
site,cams_linear,reference_all,791,0.5834796811296372,-0.39325560157018,30.78393005662528,17.558815390599694,6.090934043489071,0.1948689961667711,0.8213008317022942,31.256557807053
site,cams_linear,ghana_north(>8N),278,0.7327768598290527,-10.720143536758528,28.419357926045176,14.808549866348947,9.574631304201656,0.331096717099283,2.8457101446663184,28.917928839900267
site,cams_linear,ghana_south(<=8N),18117,0.7966600627784817,0.6264312277543714,4.4893847660698345,3.1146653860528324,-0.4548090562397844,-0.0251209569318336,0.58181078866514,18.1047663699245
site,cams_linear,harmattan(DJF),7078,0.6634843972656264,-0.1502538423171411,15.365954671857631,7.640651328727428,-1.2950792913277935,-0.0438571145572966,0.9465047190818072,29.529514296610884
site,cams_linear,non_harmattan,26019,0.689202790881999,0.4459635805631698,5.60469847742144,3.630202294203837,-0.2150630112781288,-0.0119783050218528,0.5907806914061152,17.954377592303313
site,paperlike_gbdt,all,33097,0.8545422675444942,0.7272006891601619,5.502704878344058,3.405560798889968,-0.5739786527030345,-0.0280951773680836,0.7375772298221999,20.42979281401794
site,paperlike_gbdt,ghana,18395,0.8545944516330672,0.6813513778392244,4.221156279730456,2.61767256105561,0.343513999476332,0.018803949412588,0.9153469914644652,18.268183557565344
site,paperlike_gbdt,ghana_reference,155,0.876689054271784,0.7397604483578646,5.556302317254658,3.945957596559861,-1.562824617325413,-0.0727240350936941,0.6890274857077356,21.4897951593575
site,paperlike_gbdt,reference_all,791,0.7918112435065343,0.601462758406226,16.46429428012007,9.873650791523334,-2.3883689935610044,-0.0764117727967496,0.5233747832295468,31.256557807053
site,paperlike_gbdt,ghana_north(>8N),278,0.8430959786767624,-0.0725298355811763,8.597110079730085,6.5835610537143525,5.87961661425261,0.2033208065074168,1.158278655364413,28.917928839900267
site,paperlike_gbdt,ghana_south(<=8N),18117,0.8514073360189262,0.6856906685020674,4.11794160217931,2.5568171765571206,0.2585641442625656,0.0142815510004089,0.8907869837604498,18.1047663699245
site,paperlike_gbdt,harmattan(DJF),7078,0.8311474190947885,0.6871652518468805,8.013462235188925,4.722994625128886,-0.1447077152641246,-0.0049004434617718,0.7402489436256875,29.529514296610884
site,paperlike_gbdt,non_harmattan,26019,0.8023777068193001,0.6287662909039669,4.587824524598487,3.047176671055728,-0.6907540743254106,-0.0384727385159551,0.5784855077203612,17.954377592303313
site,lgbm,all,33097,0.8841070130287454,0.7793860069134262,4.948471969647296,2.958378887019681,-0.4989275034049864,-0.02442156452329,0.7852399294380357,20.42979281401794
site,lgbm,ghana,18395,0.8991437660524965,0.8034534607061855,3.315187601697516,2.0381238393583443,-0.1950342412631842,-0.0106761704385445,0.8675969133695807,18.268183557565344
site,lgbm,ghana_reference,155,0.8750880537791784,0.7365168155340669,5.590822037992665,3.815953988745863,-1.5814525163035462,-0.0735908604328841,0.686632305771453,21.4897951593575
site,lgbm,reference_all,791,0.7784770477150659,0.6048278803293353,16.39463729148742,10.359372852515756,0.79734140607334,0.0255095718151478,0.6186737235729957,31.256557807053
site,lgbm,ghana_north(>8N),278,0.9148424841938932,0.4667112373789052,6.062182586137803,4.636761272137781,4.126392248758625,0.1426932153960185,1.1579683826427087,28.917928839900267
site,lgbm,ghana_south(<=8N),18117,0.8981305548829214,0.8036160976932704,3.2550262013376408,1.9982485174886813,-0.2613452510454917,-0.014435162857425,0.844278822578585,18.1047663699245
site,lgbm,harmattan(DJF),7078,0.8650264082502943,0.7459517031524232,7.221390748666785,4.135558734944083,-0.5538201498321739,-0.0187548005114237,0.7731132487618596,29.529514296610884
site,lgbm,non_harmattan,26019,0.8397700461465943,0.7008231514959666,4.118576032852181,2.6381483261369065,-0.4839949482948118,-0.0269569326926872,0.691698764822589,17.954377592303313
site,xgb_ratio,all,33097,0.8520082568666528,0.6992145750178431,5.778072421127771,3.267114628063925,-0.2913882716808424,-0.0142629087986103,0.8631378055697829,20.42979281401794
site,xgb_ratio,ghana,18395,0.8748543980406898,0.7546585701480099,3.703913663001092,2.3424780167615453,-0.3219605730642232,-0.0176241152848987,0.8477083008169909,18.268183557565344
site,xgb_ratio,ghana_reference,155,0.8572138579979197,0.6732751043074872,6.2257306946570345,4.197255566535281,-2.205939256737585,-0.1026505483360567,0.612017942588113,21.4897951593575
site,xgb_ratio,reference_all,791,0.7461429015386197,0.4527764683559475,19.292612748549885,11.856237246586613,3.307512696424409,0.1058182003546812,0.7779062625495484,31.256557807053
site,xgb_ratio,ghana_north(>8N),278,0.8523217498614055,-0.0509675478542106,8.510252571116675,5.950772993248276,4.713798997058559,0.1630061068050825,1.3013632462293336,28.917928839900267
site,xgb_ratio,ghana_south(<=8N),18117,0.876691538378541,0.7624130590491632,3.580245676025242,2.287109798874295,-0.3992328124247207,-0.0220512545849762,0.8183415919927924,18.1047663699245
site,xgb_ratio,harmattan(DJF),7078,0.8142727097430895,0.5688782248122313,9.407249895060712,4.918784211245881,-0.0045350293310616,-0.0001535761572476,0.9129059932787064,29.529514296610884
site,xgb_ratio,non_harmattan,26019,0.8254205564076158,0.6755715949822747,4.288866539087244,2.8178076866072246,-0.3694215262006837,-0.0205755685097681,0.7290258913915175,17.954377592303313
site,catboost,all,33097,0.8811876829621308,0.7744633299902757,5.003376320450289,2.874717490007296,-0.4282029227951959,-0.0209597290923764,0.7935894657258061,20.42979281401794
site,catboost,ghana,18395,0.90146571870712,0.8100424644574831,3.259144920311527,2.0000883482380885,-0.2320200831684246,-0.0127007746795022,0.8490941907154373,18.268183557565344
site,catboost,ghana_reference,155,0.8827694537754234,0.7464534125637736,5.484387109050657,3.6804511807281415,-1.4574219955729848,-0.067819259549264,0.6714409214418697,21.4897951593575
site,catboost,reference_all,791,0.7207558234309643,0.4908368016271109,18.60960553931992,11.54940041770712,2.217188536566146,0.0709351474417903,0.6249871723567331,31.256557807053
site,catboost,ghana_north(>8N),278,0.9223718718020936,0.7603030574477063,4.064237172713379,3.1058731575498526,2.005692675400717,0.0693581025980432,1.016003122445378,28.917928839900267
site,catboost,ghana_south(<=8N),18117,0.8983390566845624,0.8047957195616321,3.245235471493216,1.983120407796036,-0.2663571227932092,-0.014711988950914,0.8339982726663279,18.1047663699245
site,catboost,harmattan(DJF),7078,0.8570173974818667,0.7307280896208634,7.434610610001039,3.9921132744768575,-0.5626922001264698,-0.019055247386546,0.7747519006232857,29.529514296610884
site,catboost,non_harmattan,26019,0.8404614454673571,0.7035577992027353,4.099709750087444,2.5707501060772624,-0.3916175388468982,-0.0218118136835206,0.7152977771269834,17.954377592303313
site,extratrees,all,33097,0.877187061073012,0.7672457490573641,5.082804405209088,2.8537091317423235,-0.4774705955947655,-0.0233712891727001,0.7804646454170441,20.42979281401794
site,extratrees,ghana,18395,0.901756939695168,0.8094513084713076,3.2642122802016877,1.9629012998134665,-0.1959370909863644,-0.010725592414207,0.8627843677352652,18.268183557565344
site,extratrees,ghana_reference,155,0.8689638772458902,0.7293958115705494,5.665868278743472,3.922939030655944,-1.4862577062174294,-0.0691610922857147,0.6819710291137858,21.4897951593575
site,extratrees,reference_all,791,0.7206062991517036,0.5042288873045435,18.363238451330385,11.477765240651156,0.536729251025976,0.0171717325477491,0.6064072625589821,31.256557807053
site,extratrees,ghana_north(>8N),278,0.917842662608803,0.3373460954352388,6.75757970948447,5.215160057541689,4.737848202991319,0.1638377433329232,1.231141638597705,28.917928839900267
site,extratrees,ghana_south(<=8N),18117,0.9024404139076646,0.8124634749794626,3.180859438941968,1.9129963522698088,-0.2716445652771297,-0.015004035938756,0.8358968724625614,18.1047663699245
site,extratrees,harmattan(DJF),7078,0.8456540554254008,0.7112999890844682,7.698145256436604,4.007178123268566,-0.745072750096233,-0.0252314597054427,0.7435123471489826,29.529514296610884
site,extratrees,non_harmattan,26019,0.8413340510526867,0.7047184632949823,4.091676054705864,2.5399286819931888,-0.4046742525546261,-0.0225390298535384,0.7207734035309803,17.954377592303313
site,stack,all,33097,0.8833898336470353,0.7725344954406371,5.024725707289331,2.9571589303890526,0.7048545665120585,0.034501307621114,0.8316378488307927,20.42979281401794
site,stack,ghana,18395,0.9048332512663896,0.7969224115329265,3.3698177041599826,2.182905735649024,0.8382230406907925,0.0458843123646883,0.9056796699899664,18.268183557565344
site,stack,ghana_reference,155,0.8775947476179728,0.7656200376243806,5.273020462535996,3.7217780385082015,-0.3018931801453628,-0.0140482111582113,0.7161862424032671,21.4897951593575
site,stack,reference_all,791,0.7225706780933357,0.4746758716970929,18.90263458916308,11.867241626611136,3.2462845773227023,0.1038593116158869,0.6512420714321928,31.256557807053
site,stack,ghana_north(>8N),278,0.9263724537045884,0.3392012340334829,6.748113958843908,5.427559870334453,5.208217694047736,0.18010341345268,1.1861327766384997,28.917928839900267
site,stack,ghana_south(<=8N),18117,0.903267846084268,0.7992422987788563,3.291074041846792,2.133117478793996,0.7711667668246318,0.0425946820338807,0.8836539219170653,18.1047663699245
site,stack,harmattan(DJF),7078,0.8570060365189333,0.723310396286658,7.536316378327133,4.186200411853971,1.0111716875761687,0.0342427470164052,0.8017649377014121,29.529514296610884
site,stack,non_harmattan,26019,0.8458793095054176,0.7060600083935149,4.082370669547143,2.622820346822863,0.6215265145926238,0.0346169902798,0.7589620717562682,17.954377592303313
site,stack_rk,all,33097,0.8833898336470353,0.7725344954406371,5.024725707289331,2.9571589303890526,0.7048545665120585,0.034501307621114,0.8316378488307927,20.42979281401794
site,stack_rk,ghana,18395,0.9048332512663896,0.7969224115329265,3.3698177041599826,2.182905735649024,0.8382230406907925,0.0458843123646883,0.9056796699899664,18.268183557565344
site,stack_rk,ghana_reference,155,0.8775947476179728,0.7656200376243806,5.273020462535996,3.7217780385082015,-0.3018931801453628,-0.0140482111582113,0.7161862424032671,21.4897951593575
site,stack_rk,reference_all,791,0.7225706780933357,0.4746758716970929,18.90263458916308,11.867241626611136,3.2462845773227023,0.1038593116158869,0.6512420714321928,31.256557807053
site,stack_rk,ghana_north(>8N),278,0.9263724537045884,0.3392012340334829,6.748113958843908,5.427559870334453,5.208217694047736,0.18010341345268,1.1861327766384997,28.917928839900267
site,stack_rk,ghana_south(<=8N),18117,0.903267846084268,0.7992422987788563,3.291074041846792,2.133117478793996,0.7711667668246318,0.0425946820338807,0.8836539219170653,18.1047663699245
site,stack_rk,harmattan(DJF),7078,0.8570060365189333,0.723310396286658,7.536316378327133,4.186200411853971,1.0111716875761687,0.0342427470164052,0.8017649377014121,29.529514296610884
site,stack_rk,non_harmattan,26019,0.8458793095054176,0.7060600083935149,4.082370669547143,2.622820346822863,0.6215265145926238,0.0346169902798,0.7589620717562682,17.954377592303313
random,cams_raw,all,33097,0.7054315203221526,0.0618642459615442,10.204398985188387,7.804268349199016,-6.561420308393297,-0.3211692046084367,0.652023355505275,20.42979281401794
random,cams_raw,ghana,18395,0.707443746609052,-0.4140637169719707,8.892213845787778,7.277168614480545,-6.617052153156787,-0.3622173015891603,0.757026775562755,18.268183557565344
random,cams_raw,ghana_reference,155,0.8718707228003637,0.1052922171746849,10.302433600048351,8.600983160477462,-8.429852233996606,-0.3922723400332608,0.5541199756661259,21.4897951593575
random,cams_raw,reference_all,791,0.7695630017038074,0.5351436824334133,17.78148523487426,12.255329532375534,-5.163656644108539,-0.1652023449281855,0.6951374118925192,31.256557807053
random,cams_raw,ghana_north(>8N),278,0.6366754091848444,-3.4516446190581656,17.514915235077225,16.023586914389938,-12.403241362644366,-0.4289118156183672,1.2168572402696112,28.917928839900267
random,cams_raw,ghana_south(<=8N),18117,0.7139989944078232,-0.4008422573503258,8.693530117688267,7.142957415751462,-6.528264793205495,-0.36058265872186,0.7578512837047343,18.1047663699245
random,cams_raw,harmattan(DJF),7078,0.714814620261073,0.1187681158073232,13.449551507212606,10.311951253972731,-7.601250937681191,-0.257411986574855,0.7488049262724843,29.529514296610884
random,cams_raw,non_harmattan,26019,0.5439263274403804,-0.4682827691841866,9.124056111772584,7.122098411845991,-6.278553126945135,-0.3496948359622683,0.4385984074213592,17.954377592303313
random,cams_linear,all,33097,0.7222982477032673,0.4000382081736426,8.160492756663913,4.389764232976319,-0.5288916019390333,-0.025888250887015,0.7710451808364233,20.42979281401794
random,cams_linear,ghana,18395,0.7170670549630397,0.4708098802838987,5.439779203716924,3.2527982497146466,-0.321363562390821,-0.0175914349326611,0.6603127745110746,18.268183557565344
random,cams_linear,ghana_reference,155,0.8730436442261126,0.5787474030701327,7.069203961679069,4.692919089198374,-2.6252547864938736,-0.1221628576273671,0.4530909931584996,21.4897951593575
random,cams_linear,reference_all,791,0.6014669880560608,-0.083264347903144,27.14412769492093,15.94405317944224,4.367208169485544,0.1397213409244984,0.7501565942811497,31.256557807053
random,cams_linear,ghana_north(>8N),278,0.7382449455444747,-8.600203705584091,25.721010144234235,13.70421540493902,8.334427285342247,0.2882096892721654,2.6509093146798133,28.917928839900267
random,cams_linear,ghana_south(<=8N),18117,0.8000523055242316,0.6312672599565738,4.460231456535015,3.092424348453269,-0.4541841097038305,-0.0250864385888081,0.5835514363803012,18.1047663699245
random,cams_linear,harmattan(DJF),7078,0.6798589090199554,0.0253535211325334,14.144456372829008,7.33802918263664,-1.5820339880847505,-0.053574670148446,0.9052455049568872,29.529514296610884
random,cams_linear,non_harmattan,26019,0.6969950566924562,0.4658524672070194,5.503179893878949,3.587741891084019,-0.2424031969603876,-0.013501063777577,0.5816567509987783,17.954377592303313
random,paperlike_gbdt,all,33097,0.8751431759215353,0.7629736451310696,5.129238645652355,3.269131523031008,-0.5668459348585936,-0.0277460442217334,0.7682103688230176,20.42979281401794
random,paperlike_gbdt,ghana,18395,0.8599574965360188,0.6930164692018039,4.143171850011825,2.5705811924391675,0.3284460357542751,0.0179791293819278,0.9211006170412084,18.268183557565344
random,paperlike_gbdt,ghana_reference,155,0.8812822811540552,0.7554015725919261,5.386740405714687,3.8063464080825526,-1.4590584750074207,-0.067895411016614,0.7259426592252264,21.4897951593575
random,paperlike_gbdt,reference_all,791,0.8787362623436971,0.7430390025064784,13.220329193211796,8.097918866991428,-2.2590935679289013,-0.072275827104005,0.6429250908855885,31.256557807053
random,paperlike_gbdt,ghana_north(>8N),278,0.8786527588962085,0.3732591447526945,6.57191290772322,5.078816874149544,4.332091107307535,0.1498064101095034,1.08446427789321,28.917928839900267
random,paperlike_gbdt,ghana_south(<=8N),18117,0.8549937668669142,0.6892290942207542,4.09469655207761,2.532093058668925,0.2670112877335319,0.0147481211454398,0.903001561795499,18.1047663699245
random,paperlike_gbdt,harmattan(DJF),7078,0.8661012211431472,0.7479164824885912,7.193411858391372,4.444807717066337,-0.0627414920834565,-0.0021247045059138,0.7907150357844082,29.529514296610884
random,paperlike_gbdt,non_harmattan,26019,0.8214996822783994,0.6580173966547832,4.403369230696321,2.9493100040878484,-0.7039784628559193,-0.0392092936241744,0.6009107675312358,17.954377592303313
random,lgbm,all,33097,0.9528377264391812,0.9063196024410196,3.224623015796773,1.8115911437629475,-0.2558099141568305,-0.0125214149984578,0.8779107068354852,20.42979281401794
random,lgbm,ghana,18395,0.9420641659635416,0.8872447206956622,2.510983456554925,1.3658819186348117,-0.1147389806604824,-0.0062808094903866,0.8895352681155946,18.268183557565344
random,lgbm,ghana_reference,155,0.8935160193996097,0.7921425230233514,4.965717881740861,3.335526761142537,-0.6151166578009261,-0.0286236631498593,0.7491147300624382,21.4897951593575
random,lgbm,reference_all,791,0.925882735363345,0.8469360254986454,10.203405763440188,6.270540983298614,-1.3990620202904347,-0.0447605916469387,0.7773693727013402,31.256557807053
random,lgbm,ghana_north(>8N),278,0.930805307931577,0.8630224362559686,3.07236292218159,2.27603119330245,0.2575846248817269,0.008907436846802,0.9121243435525772,28.917928839900267
random,lgbm,ghana_south(<=8N),18117,0.9403697959421308,0.8840264298822857,2.501387984191517,1.3519159475381834,-0.1204521761310754,-0.0066530643737645,0.884329445739077,18.1047663699245
random,lgbm,harmattan(DJF),7078,0.9478833151395456,0.8972978472433211,4.59147765279044,2.6004474092546004,-0.2968522944953947,-0.0100527320400073,0.8724265497772321,29.529514296610884
random,lgbm,non_harmattan,26019,0.9335525388683512,0.8678617608860477,2.7371421585771163,1.5969970145823515,-0.2446450743076297,-0.0136259289997612,0.8238911911964929,17.954377592303313
random,xgb_ratio,all,33097,0.9275352078770088,0.8594356679920057,3.949955049872446,2.332482831065291,-0.295950751936865,-0.0144862336407933,0.8694472110609824,20.42979281401794
random,xgb_ratio,ghana,18395,0.9160716855763824,0.8373062772696391,3.01620466436061,1.8059139977879424,-0.1327466625752811,-0.0072665496357084,0.8754378652666999,18.268183557565344
random,xgb_ratio,ghana_reference,155,0.8773432140121704,0.749875709450055,5.447248042263917,3.610410584182701,-1.2061008177848755,-0.0561243515278316,0.6932803590283764,21.4897951593575
random,xgb_ratio,reference_all,791,0.9110722967718736,0.8221937449585972,10.997201488271251,7.066826941382302,-1.7373527594896787,-0.0555836240898429,0.7767625751379784,31.256557807053
random,xgb_ratio,ghana_north(>8N),278,0.8923492772317199,0.7649071871594507,4.025014716717923,2.903773850622741,0.4550911164957311,0.0157373344064602,0.946601484264078,28.917928839900267
random,xgb_ratio,ghana_south(<=8N),18117,0.9138266998935664,0.8333966210083954,2.9980815974830985,1.7890676634562055,-0.1417668592183092,-0.0078303611502996,0.8681554623748889,18.1047663699245
random,xgb_ratio,harmattan(DJF),7078,0.911978687463044,0.8282144639105915,5.938216107227015,3.501193049818822,-0.3139677675726869,-0.0106323376815148,0.8817430751516373,29.529514296610884
random,xgb_ratio,non_harmattan,26019,0.9064704021123836,0.8191477566136444,3.2021748816722067,2.0145562801472123,-0.2910495475604344,-0.0162105061043832,0.7923607408771199,17.954377592303313
random,catboost,all,33097,0.9652369420077932,0.9310216295787708,2.767012059701917,1.4637584692742531,-0.1652090313084985,-0.0080866718919998,0.9120231358882368,20.42979281401794
random,catboost,ghana,18395,0.950184495934191,0.9026688447224358,2.332928066705365,1.1956303409048208,-0.0987927042750769,-0.0054079106422249,0.900302734836692,18.268183557565344
random,catboost,ghana_reference,155,0.9036341551611112,0.8133587301720422,4.70547051944528,3.1597857594508705,-0.4342713435741275,-0.0202082588667686,0.7803390831981366,21.4897951593575
random,catboost,reference_all,791,0.9230613926115092,0.8482442627823472,10.15970795416143,6.216446676717243,-1.0430432141810977,-0.0333703800853508,0.8087610834439337,31.256557807053
random,catboost,ghana_north(>8N),278,0.943618800313456,0.8897819623236272,2.755967766353892,2.106419140813162,0.1268955243123263,0.0043881263078993,0.9093079427061036,28.917928839900267
random,catboost,ghana_south(<=8N),18117,0.948653372034016,0.8997335646279244,2.3258373136892105,1.181654556482758,-0.1022558233095361,-0.0056480056809461,0.896166786209941,18.1047663699245
random,catboost,harmattan(DJF),7078,0.962736694803665,0.926008497931085,3.897208340408626,2.046836201896948,-0.1948132549429159,-0.006597238714667,0.9019689836325886,29.529514296610884
random,catboost,non_harmattan,26019,0.9498010984429588,0.9010994339607308,2.3680042906518888,1.305142681138528,-0.1571557358365586,-0.0087530595270497,0.8791085770253382,17.954377592303313
random,extratrees,all,33097,0.9543361350951628,0.9092957105809488,3.1729885110343075,1.730205728779481,-0.2418752318867004,-0.0118393384645945,0.8815811117285429,20.42979281401794
random,extratrees,ghana,18395,0.9414307396782008,0.8858878961508394,2.5260460589878613,1.330107582143187,-0.1364845847203531,-0.0074711634186438,0.8783698541155607,18.268183557565344
random,extratrees,ghana_reference,155,0.9069889612303608,0.7951488512508438,4.929676476048424,3.256852147516437,-1.322507548650173,-0.0615411891478314,0.7202688662310712,21.4897951593575
random,extratrees,reference_all,791,0.927323712535667,0.8515766133683318,10.04754206579408,6.313168933525568,-1.6373910068571962,-0.0523855191273724,0.7983412952590366,31.256557807053
random,extratrees,ghana_north(>8N),278,0.9453346923661232,0.8900159492080733,2.75304082744499,2.0675648302237017,0.4964863440828364,0.0171688071725868,0.9012634081955928,28.917928839900267
random,extratrees,ghana_south(<=8N),18117,0.939464225780302,0.8820695055010119,2.5224037639215933,1.3187915190551271,-0.1461973361807101,-0.0080750744413676,0.871990759506557,18.1047663699245
random,extratrees,harmattan(DJF),7078,0.9509532220903724,0.90238883857882,4.4762304940644455,2.433682018309068,-0.3731884491492248,-0.0126378119667229,0.8707618200234435,29.529514296610884
random,extratrees,non_harmattan,26019,0.9339284896215462,0.8702590134723998,2.7121998918293286,1.538837683224678,-0.2061538378368082,-0.011482093254248,0.8396842618899008,17.954377592303313
random,stack,all,33097,0.9642024268443932,0.9208888622154028,2.9632848604474167,1.803177892650192,0.9666028760895212,0.0473133959256936,0.9484791857890632,20.42979281401794
random,stack,ghana,18395,0.9491490969019952,0.8832811002422407,2.554735844112547,1.5410291609206306,0.9402353640177236,0.0514684648889652,0.9410774703896406,18.268183557565344
random,stack,ghana_reference,155,0.9070643822062212,0.8208943525237969,4.609500395530884,3.1628883064760256,0.3183283159944243,0.0148129990832328,0.7938354785932278,21.4897951593575
random,stack,reference_all,791,0.9291371689911618,0.8628735802152555,9.657600434881434,6.136256176035007,0.3677051837851097,0.0117640971873792,0.8494049132389446,31.256557807053
random,stack,ghana_north(>8N),278,0.9493614245083206,0.8386614570640005,3.3343935848395705,2.710044012594293,2.01583710954923,0.0697089034525815,0.958704327515973,28.917928839900267
random,stack,ghana_south(<=8N),18117,0.947489568609969,0.8803327736536125,2.5409092749158924,1.5230909742028915,0.923730573751247,0.0510214025896374,0.9354941595109606,18.1047663699245
random,stack,harmattan(DJF),7078,0.9628988302604666,0.9174983502123968,4.115229100656825,2.5779501178258686,1.4011614583668146,0.0474495260671329,0.9373443090525744,29.529514296610884
random,stack,non_harmattan,26019,0.9471576305273568,0.8842478168596477,2.5618145724849954,1.5924150727957225,0.8483890459900294,0.0472524899082949,0.9092746725038396,17.954377592303313
random,stack_rk,all,33097,0.9642024268443932,0.9208888622154028,2.9632848604474167,1.803177892650192,0.9666028760895212,0.0473133959256936,0.9484791857890632,20.42979281401794
random,stack_rk,ghana,18395,0.9491490969019952,0.8832811002422407,2.554735844112547,1.5410291609206306,0.9402353640177236,0.0514684648889652,0.9410774703896406,18.268183557565344
random,stack_rk,ghana_reference,155,0.9070643822062212,0.8208943525237969,4.609500395530884,3.1628883064760256,0.3183283159944243,0.0148129990832328,0.7938354785932278,21.4897951593575
random,stack_rk,reference_all,791,0.9291371689911618,0.8628735802152555,9.657600434881434,6.136256176035007,0.3677051837851097,0.0117640971873792,0.8494049132389446,31.256557807053
random,stack_rk,ghana_north(>8N),278,0.9493614245083206,0.8386614570640005,3.3343935848395705,2.710044012594293,2.01583710954923,0.0697089034525815,0.958704327515973,28.917928839900267
random,stack_rk,ghana_south(<=8N),18117,0.947489568609969,0.8803327736536125,2.5409092749158924,1.5230909742028915,0.923730573751247,0.0510214025896374,0.9354941595109606,18.1047663699245
random,stack_rk,harmattan(DJF),7078,0.9628988302604666,0.9174983502123968,4.115229100656825,2.5779501178258686,1.4011614583668146,0.0474495260671329,0.9373443090525744,29.529514296610884
random,stack_rk,non_harmattan,26019,0.9471576305273568,0.8842478168596477,2.5618145724849954,1.5924150727957225,0.8483890459900294,0.0472524899082949,0.9092746725038396,17.954377592303313
temporal,cams_raw,all,33097,0.7054315203221526,0.0618642459615442,10.204398985188387,7.804268349199016,-6.561420308393297,-0.3211692046084367,0.652023355505275,20.42979281401794
temporal,cams_raw,ghana,18395,0.707443746609052,-0.4140637169719707,8.892213845787778,7.277168614480545,-6.617052153156787,-0.3622173015891603,0.757026775562755,18.268183557565344
temporal,cams_raw,ghana_reference,155,0.8718707228003637,0.1052922171746849,10.302433600048351,8.600983160477462,-8.429852233996606,-0.3922723400332608,0.5541199756661259,21.4897951593575
temporal,cams_raw,reference_all,791,0.7695630017038074,0.5351436824334133,17.78148523487426,12.255329532375534,-5.163656644108539,-0.1652023449281855,0.6951374118925192,31.256557807053
temporal,cams_raw,ghana_north(>8N),278,0.6366754091848444,-3.4516446190581656,17.514915235077225,16.023586914389938,-12.403241362644366,-0.4289118156183672,1.2168572402696112,28.917928839900267
temporal,cams_raw,ghana_south(<=8N),18117,0.7139989944078232,-0.4008422573503258,8.693530117688267,7.142957415751462,-6.528264793205495,-0.36058265872186,0.7578512837047343,18.1047663699245
temporal,cams_raw,harmattan(DJF),7078,0.714814620261073,0.1187681158073232,13.449551507212606,10.311951253972731,-7.601250937681191,-0.257411986574855,0.7488049262724843,29.529514296610884
temporal,cams_raw,non_harmattan,26019,0.5439263274403804,-0.4682827691841866,9.124056111772584,7.122098411845991,-6.278553126945135,-0.3496948359622683,0.4385984074213592,17.954377592303313
temporal,cams_linear,all,33097,0.7005486714377612,0.3029346733957142,8.796123679151375,4.524662016768001,-0.4754671165242007,-0.0232732226338564,0.7927342112117072,20.42979281401794
temporal,cams_linear,ghana,18395,0.6830145176382277,0.3848504780630105,5.864969450146782,3.323149492913187,-0.3252544150970367,-0.0178044201314333,0.6594123308851498,18.268183557565344
temporal,cams_linear,ghana_reference,155,0.8685996120179521,0.5756234678204619,7.095367532465901,4.706022266307152,-2.5995799716017927,-0.1209681131125083,0.4512296592489766,21.4897951593575
temporal,cams_linear,reference_all,791,0.5980306053847753,-0.1216575358808997,27.620962227367325,16.225385299165097,4.644436458738215,0.1485907849293054,0.757733497919912,31.256557807053
temporal,cams_linear,ghana_north(>8N),278,0.7130272801001618,-12.82335730803964,30.864167230268507,15.36455577125623,10.073549515871676,0.3483496197684957,2.963875219578259,28.917928839900267
temporal,cams_linear,ghana_south(<=8N),18117,0.7963772463048809,0.6235805153154305,4.506481514114868,3.138377679402155,-0.4848209820126023,-0.0267786378518522,0.5711092488679917,18.1047663699245
temporal,cams_linear,harmattan(DJF),7078,0.6585654447403759,-0.2000475813458873,15.695022201844932,7.773304780481184,-1.477471505393022,-0.0500337218740706,0.9535671886928236,29.529514296610884
temporal,cams_linear,non_harmattan,26019,0.6879356403764593,0.4460323852601872,5.604350448356498,3.640927304382364,-0.2028898820258144,-0.0113003016107219,0.5852369783079517,17.954377592303313
temporal,paperlike_gbdt,all,33097,0.8044932414718035,0.6293863894752038,6.41379787040287,4.203762786334018,-1.1934287319642611,-0.0584160956906713,0.7040461125074885,20.42979281401794
temporal,paperlike_gbdt,ghana,18395,0.7945261985152425,0.530195339514618,5.125474405841075,3.2490733224228223,0.1528605503866195,0.0083675834493854,0.8833492273065469,18.268183557565344
temporal,paperlike_gbdt,ghana_reference,155,0.7645904692693304,0.575314674043534,7.097948503315523,4.672491846629078,-1.048434405887935,-0.0487875476761538,0.5878502627414979,21.4897951593575
temporal,paperlike_gbdt,reference_all,791,0.8325120144925275,0.6639815083956615,15.117857718528438,9.406026667298198,-1.9440611666043748,-0.0621969053215994,0.5653508119171139,31.256557807053
temporal,paperlike_gbdt,ghana_north(>8N),278,0.7548475541824559,-0.5314748082876801,10.273128611453895,5.993732054305712,4.432218535766818,0.1532688789817944,1.2517538618335349,28.917928839900267
temporal,paperlike_gbdt,ghana_south(<=8N),18117,0.7900601914625569,0.535616451666896,5.005413479289878,3.206957346959807,0.0871950693502616,0.00481613888678,0.8591470148418167,18.1047663699245
temporal,paperlike_gbdt,harmattan(DJF),7078,0.7972195914110408,0.6109245616640684,8.936750002263045,5.735734512814335,-0.4755754033531128,-0.0161050872214208,0.7578554943001803,29.529514296610884
temporal,paperlike_gbdt,non_harmattan,26019,0.7048222205870236,0.4602725318158608,5.531849509372605,3.787017489434533,-1.3887077918785435,-0.0773464735683098,0.4616179345709021,17.954377592303313
temporal,lgbm,all,33097,0.9097021296941395,0.8260595050529299,4.393948249609461,2.570099613636678,-0.4053143662750179,-0.0198393772254464,0.8314617481574368,20.42979281401794
temporal,lgbm,ghana,18395,0.885632214093568,0.7598924789723533,3.6641925790757934,2.0902886072764706,-0.1004562139866616,-0.0054989711303322,0.9223197515476012,18.268183557565344
temporal,lgbm,ghana_reference,155,0.8530500282000332,0.7168407351590071,5.795816202327553,3.971150783948765,-0.9504819126368194,-0.0442294542869545,0.6791508137026228,21.4897951593575
temporal,lgbm,reference_all,791,0.8749604339957627,0.7496345560868417,13.04955967758483,8.222837729465267,-1.5260761014670654,-0.0488241894992899,0.6677431880757428,31.256557807053
temporal,lgbm,ghana_north(>8N),278,0.8641185839184409,0.5935299360174828,5.292514778890586,3.3052727675625686,1.0578480585506047,0.0365810450813134,1.0664625196272908,28.917928839900267
temporal,lgbm,ghana_south(<=8N),18117,0.8824992798886079,0.7552889724976801,3.633526368990369,2.071645035130998,-0.1182300500392839,-0.0065303272974395,0.9133880442102436,18.1047663699245
temporal,lgbm,harmattan(DJF),7078,0.8860441647546868,0.7805965373978221,6.710956751580251,3.904280026723055,-0.3545460719625163,-0.0120064985966669,0.8401613169582659,29.529514296610884
temporal,lgbm,non_harmattan,26019,0.8887361861775414,0.7829306331244414,3.5081840211761874,2.207159878680477,-0.4191249657271062,-0.0233438872259641,0.7349004071968853,17.954377592303313
temporal,xgb_ratio,all,33097,0.8660768559129494,0.722218021173836,5.552730818629117,3.014280325509262,-0.2990985611642031,-0.0146403129922578,0.8925716038437023,20.42979281401794
temporal,xgb_ratio,ghana,18395,0.8273343515933025,0.5164180621690038,5.200085022292483,2.5434152324974986,0.0249199480034948,0.0013641174517963,1.023641750952326,18.268183557565344
temporal,xgb_ratio,ghana_reference,155,0.8442867372035889,0.6732689725796355,6.225789114305637,4.139425965017917,-1.783288152046473,-0.0829830223518887,0.617507846540038,21.4897951593575
temporal,xgb_ratio,reference_all,791,0.8800591081002417,0.7725259727860233,12.438687954191003,8.140275906658314,-1.1550428914119504,-0.0369536178149251,0.770918022029484,31.256557807053
temporal,xgb_ratio,ghana_north(>8N),278,0.8179939008836817,0.1708323634311095,7.559080456260305,4.386556743336168,1.6691366809877828,0.0577197865804534,1.222608314597564,28.917928839900267
temporal,xgb_ratio,ghana_south(<=8N),18117,0.8226819602786373,0.5073528393013413,5.1554851241328326,2.5151327718244763,-0.0003100708610871,-1.7126476793548343e-05,1.0154596831071296,18.1047663699245
temporal,xgb_ratio,harmattan(DJF),7078,0.8226074340638748,0.5549820401301951,9.55765765736994,4.979429364019054,0.2401082644178838,0.0081311281318785,0.9633237245826424,29.529514296610884
temporal,xgb_ratio,non_harmattan,26019,0.8661552959701673,0.7465416145887586,3.790848500097431,2.479696948186063,-0.4457800597410127,-0.0248284886206308,0.7386532601832312,17.954377592303313
temporal,catboost,all,33097,0.9299075291533508,0.8623421909670655,3.90890407927127,2.2984877884613035,-0.4746371764133999,-0.0232325986236985,0.8471775337112788,20.42979281401794
temporal,catboost,ghana,18395,0.9099030355715486,0.8227493489813767,3.148250843142038,1.9037767332041515,-0.289669599721367,-0.0158565080544861,0.8830731124833692,18.268183557565344
temporal,catboost,ghana_reference,155,0.8474046337520884,0.7132413505840456,5.832536693448976,4.101474331116612,-0.331997976480659,-0.0154490991663126,0.7711785541822392,21.4897951593575
temporal,catboost,reference_all,791,0.8660175849262092,0.7440096027686025,13.195337472550705,8.211423604444292,-1.1038740426541744,-0.0353165581913529,0.6939601766619979,31.256557807053
temporal,catboost,ghana_north(>8N),278,0.8859831466442877,0.7282589854284169,4.327383579301992,2.929461089180107,0.4113555811120047,0.0142249323383224,0.9913291946917956,28.917928839900267
temporal,catboost,ghana_south(<=8N),18117,0.9075594243504916,0.8187958976440899,3.1266952855343417,1.888037910498333,-0.3004266235261734,-0.0165937862653251,0.8749656791171938,18.1047663699245
temporal,catboost,harmattan(DJF),7078,0.9172179938054006,0.8404260210259878,5.72326346292494,3.238138484282572,-0.4081144470005486,-0.0138205607752711,0.8347116508891396,29.529514296610884
temporal,catboost,non_harmattan,26019,0.9059911589539384,0.814358889721253,3.244293787679566,2.042872752332977,-0.4927334859865642,-0.0274436406081706,0.778528734290452,17.954377592303313
temporal,extratrees,all,33097,0.908618404725415,0.8208601694752451,4.459135468273524,2.630430417744523,-0.5229970866904188,-0.0255997254329257,0.7823639033223967,20.42979281401794
temporal,extratrees,ghana,18395,0.8802930183211217,0.7594599044462007,3.6674917741802777,2.141288120566517,-0.0992286705224183,-0.0054317754258236,0.8837301572461977,18.268183557565344
temporal,extratrees,ghana_reference,155,0.8546991932070377,0.693205154019336,6.032859988311374,4.056376962638361,-1.7828690907377625,-0.082963521872447,0.6428826729935609,21.4897951593575
temporal,extratrees,reference_all,791,0.8818439144985898,0.7576016784309245,12.840249684593704,8.136659200423367,-1.84302318883999,-0.0589643683804527,0.6694544543410809,31.256557807053
temporal,extratrees,ghana_north(>8N),278,0.8768433382782113,0.5658073988623052,5.470021152985742,3.432814626953478,1.8475900230021256,0.0638908143536498,1.112406167148182,28.917928839900267
temporal,extratrees,ghana_south(<=8N),18117,0.8768407963680428,0.7553771070164427,3.632871989127445,2.121470028786665,-0.1291020268617584,-0.0071308308665182,0.8694526697456001,18.1047663699245
temporal,extratrees,harmattan(DJF),7078,0.8806532608783559,0.7701423243516438,6.868979286664407,4.070239697490572,-1.0535893020906386,-0.0356791951099432,0.7758036978376062,29.529514296610884
temporal,extratrees,non_harmattan,26019,0.8896996958566442,0.7802790924394309,3.529545529487036,2.2387562534014456,-0.3786590375493006,-0.0210900676229302,0.7083058020857445,17.954377592303313
temporal,stack,all,33097,0.9261393372979232,0.8539345078738181,4.026506458363375,2.4634864500606573,0.6488372239353374,0.0317593638781366,0.860139052239056,20.42979281401794
temporal,stack,ghana,18395,0.9016370400715013,0.7822422623699266,3.4894919981702506,2.1449866837438574,0.8519691127439784,0.0466367720720189,0.9329938724483188,18.268183557565344
temporal,stack,ghana_reference,155,0.8539143776350261,0.7286548272503083,5.673620282668821,4.071785883709379,0.1099591707755203,0.005116808697343,0.7465236890007314,21.4897951593575
temporal,stack,reference_all,791,0.8802245047938789,0.7708280210554292,12.485025168943029,8.056534446380187,0.1757365647545795,0.00562239021454,0.7196720903371457,31.256557807053
temporal,stack,ghana_north(>8N),278,0.888764257287614,0.5409201281067135,5.624603624527232,3.763969517790409,2.858768610773425,0.0988580000525129,1.1108280931554502,28.917928839900267
temporal,stack,ghana_south(<=8N),18117,0.8989659843825457,0.7798399629624198,3.4464405448214785,2.120143871585942,0.8211753687216686,0.045356860836702,0.9211419253210382,18.1047663699245
temporal,stack,harmattan(DJF),7078,0.909694940805102,0.8229624329922498,6.0283077828963805,3.6106248480453593,0.9089697345756108,0.0307817367209434,0.8490218231061157,29.529514296610884
temporal,stack,non_harmattan,26019,0.9042957941149928,0.8106211245590915,3.276791912085222,2.151428124185884,0.5780728628794992,0.0321967642658527,0.7859599000471694,17.954377592303313
temporal,stack_rk,all,33097,0.9261393372979232,0.8539345078738181,4.026506458363375,2.4634864500606573,0.6488372239353374,0.0317593638781366,0.860139052239056,20.42979281401794
temporal,stack_rk,ghana,18395,0.9016370400715013,0.7822422623699266,3.4894919981702506,2.1449866837438574,0.8519691127439784,0.0466367720720189,0.9329938724483188,18.268183557565344
temporal,stack_rk,ghana_reference,155,0.8539143776350261,0.7286548272503083,5.673620282668821,4.071785883709379,0.1099591707755203,0.005116808697343,0.7465236890007314,21.4897951593575
temporal,stack_rk,reference_all,791,0.8802245047938789,0.7708280210554292,12.485025168943029,8.056534446380187,0.1757365647545795,0.00562239021454,0.7196720903371457,31.256557807053
temporal,stack_rk,ghana_north(>8N),278,0.888764257287614,0.5409201281067135,5.624603624527232,3.763969517790409,2.858768610773425,0.0988580000525129,1.1108280931554502,28.917928839900267
temporal,stack_rk,ghana_south(<=8N),18117,0.8989659843825457,0.7798399629624198,3.4464405448214785,2.120143871585942,0.8211753687216686,0.045356860836702,0.9211419253210382,18.1047663699245
temporal,stack_rk,harmattan(DJF),7078,0.909694940805102,0.8229624329922498,6.0283077828963805,3.6106248480453593,0.9089697345756108,0.0307817367209434,0.8490218231061157,29.529514296610884
temporal,stack_rk,non_harmattan,26019,0.9042957941149928,0.8106211245590915,3.276791912085222,2.151428124185884,0.5780728628794992,0.0321967642658527,0.7859599000471694,17.954377592303313
